id,title,first_name,last_name,email,amount_spent_on_dog_food,dog_size,dog_gender,dog_age
1,Mrs,Frasquito,Dene,fdene0@dell.com,80.05,s,m,53
2,Ms,Lawrence,Kardos,lkardos1@diigo.com,66.3,xl,m,2
3,Rev,Lanna,Wintersgill,lwintersgill2@domainmarket.com,25.84,l,f,71
4,Rev,Richmound,Kimmitt,rkimmitt3@jiathis.com,50.76,m,m,9
5,Rev,Valeda,Dallender,vdallender4@theglobeandmail.com,83.41,xl,f,23
6,Hnr,Duky,Cavell,dcavell5@seesaa.net,80.18,xl,m,74
7,Rev,Neal,Gabbetis,ngabbetis6@admin.ch,98.59,l,m,46
8,Ms,Farrel,Swindin,fswindin7@printfriendly.com,64.2,s,m,84
9,Dr,Latrena,Heinsh,lheinsh8@i2i.jp,7.44,xl,f,69
10,Mrs,Josh,Daunay,jdaunay9@mysql.com,55.84,m,m,24
11,Mr,Gabbie,Caldeyroux,gcaldeyrouxa@ca.gov,30.25,l,f,60
12,Dr,Krystle,Fincke,kfinckeb@usatoday.com,58.37,xl,f,43
13,Dr,Agosto,Bewshaw,abewshawc@oaic.gov.au,45.7,xl,m,49
14,Ms,Regina,Sinson,rsinsond@stanford.edu,98.51,l,f,50
15,Dr,Nefen,Boch,nboche@webnode.com,62.45,l,m,82
16,Dr,Conn,Duffrie,cduffrief@arizona.edu,27.78,l,m,19
17,NA,Karoly,Buxcy,kbuxcyg@howstuffworks.com,68,xl,f,11
18,Ms,Wilow,Tremayle,wtremayleh@timesonline.co.uk,52.88,l,f,55
19,Ms,Brooks,Marde,bmardei@smugmug.com,58.36,xs,m,94
20,Mrs,Harrietta,Libbie,hlibbiej@house.gov,21.72,m,f,11
21,Mrs,Ephrayim,Misson,NA,86.15,xl,m,79
22,Dr,Cecilius,Dimock,cdimockl@symantec.com,44.67,xl,m,57
23,Mr,Abbe,Curle,acurlem@marketwatch.com,35,xl,f,11
24,Rev,Bald,Hars,bharsn@upenn.edu,NA,l,m,68
25,NA,Jay,Buckle,jbuckleo@archive.org,44.71,s,m,61
26,Ms,Malachi,Carillo,mcarillop@army.mil,19.96,xl,m,29
27,Hnr,Caldwell,Shawcross,cshawcrossq@icq.com,97.59,xs,m,97
28,Dr,Russell,Grewer,rgrewerr@bloglines.com,36.97,s,m,20
29,Ms,Wait,Morsley,wmorsleys@goo.ne.jp,20.2,xl,m,82
30,Mr,Mellicent,Larking,mlarkingt@engadget.com,80.75,xl,f,6
31,Dr,Martin,Nairy,mnairyu@biglobe.ne.jp,93.12,xl,m,95
32,Mr,Sergei,Roseaman,sroseamanv@facebook.com,17.59,xl,m,86
33,Mrs,Jock,Doonican,jdoonicanw@oaic.gov.au,40.47,xs,m,48
34,NA,Tera,Bresson,tbressonx@reddit.com,93.53,xl,f,15
35,Dr,Cobby,Massard,cmassardy@berkeley.edu,11.15,xl,m,41
36,Dr,Gale,Ollerhad,gollerhadz@walmart.com,7,xs,m,83
37,NA,Duffy,Heatley,dheatley10@independent.co.uk,91.42,xl,m,93
38,Rev,Inness,Mauvin,imauvin11@g.co,98.81,xl,m,12
39,NA,Lorna,Ebbitt,lebbitt12@t.co,23.03,xl,f,50
40,Rev,Basilius,Hall,bhall13@cisco.com,68.98,xl,m,51
41,NA,Q,Dundendale,qdundendale14@naver.com,6.78,m,f,19
42,Mr,Maximo,De Hailes,mdehailes15@hao123.com,66.04,l,m,28
43,Rev,Linzy,Brigham,lbrigham16@51.la,50.86,l,f,40
44,Dr,Sayers,Brodeau,sbrodeau17@foxnews.com,43.13,xl,m,58
45,Mr,Neile,Kesper,nkesper18@blogs.com,NA,xs,f,41
46,Hnr,Brucie,Hallyburton,bhallyburton19@sakura.ne.jp,86.85,s,m,18
47,Dr,Sharron,Spradbery,sspradbery1a@de.vu,22.26,xs,f,97
48,NA,Benedetto,Sabie,bsabie1b@theguardian.com,46.71,xl,m,93
49,Hnr,Ricki,Haithwaite,rhaithwaite1c@ebay.com,53.35,NA,m,92
50,Rev,Raynell,Alker,ralker1d@forbes.com,13.42,xl,f,81
51,Hnr,Jedidiah,Basnett,jbasnett1e@unc.edu,40.24,xl,m,9
52,Ms,Talya,Brenston,tbrenston1f@sogou.com,99.55,m,f,45
53,NA,Jarrad,Rogerot,jrogerot1g@51.la,40.25,xl,m,86
54,Dr,Pavel,Danter,pdanter1h@purevolume.com,66.63,xl,m,3
55,Mr,Peggi,McRill,pmcrill1i@instagram.com,93.79,xs,f,16
56,Rev,Tabby,Balk,tbalk1j@123-reg.co.uk,82.74,m,f,85
57,Mr,Mathew,Thexton,mthexton1k@etsy.com,33.23,xl,NA,86
58,Mrs,Tom,Dunrige,tdunrige1l@examiner.com,NA,xs,m,21
59,Mr,Noreen,Cousins,ncousins1m@posterous.com,96.87,m,f,30
60,NA,Penni,Fray,pfray1n@slate.com,43.07,xl,f,2
61,Ms,Marvin,Buxy,mbuxy1o@eventbrite.com,7.83,s,m,56
62,Mr,Engelbert,Sturge,esturge1p@mashable.com,16.65,xl,m,94
63,Rev,Mata,Georg,mgeorg1q@shareasale.com,69.33,l,m,98
64,Ms,Wendeline,Stockings,wstockings1r@marketwatch.com,66.72,xl,f,40
65,Dr,Des,McConway,dmcconway1s@techcrunch.com,98.14,xs,m,23
66,Mrs,Val,Groveham,vgroveham1t@craigslist.org,60.61,m,m,18
67,Dr,Jeremy,Lydiard,jlydiard1u@biblegateway.com,60.21,s,m,61
68,Ms,Flor,Gleadle,fgleadle1v@cdc.gov,92.45,xs,f,94
69,NA,Dixie,Vineall,dvineall1w@printfriendly.com,98.46,xs,f,79
70,Dr,Skyler,Filip,sfilip1x@myspace.com,29.03,xl,m,68
71,Mr,Tally,Bazely,tbazely1y@house.gov,97.82,xl,f,61
72,Hnr,Sib,Syddie,ssyddie1z@reverbnation.com,1.06,s,f,60
73,Rev,Dugald,Dreakin,ddreakin20@histats.com,20.94,xl,m,21
74,Ms,Bernette,Crigin,bcrigin21@blogtalkradio.com,66.29,l,f,32
75,Rev,Olive,Casale,ocasale22@mozilla.org,40.22,xs,f,7
76,Hnr,Miof mela,Joire,mjoire23@mlb.com,48.3,xl,f,39
77,Mr,Leanora,Sallowaye,lsallowaye24@51.la,33.25,xs,f,57
78,Dr,Odell,Benkin,obenkin25@phpbb.com,33.84,s,m,77
79,Rev,Ker,Leate,kleate26@lulu.com,8.45,s,NA,67
80,Mr,Somerset,Bester,sbester27@stumbleupon.com,83.16,xs,m,33
81,Mr,Elmer,Sinden,esinden28@nifty.com,35.3,s,m,19
82,Hnr,Clerissa,Meryett,cmeryett29@reuters.com,97.43,m,f,37
83,NA,Manfred,Withull,NA,89.2,xs,m,98
84,Dr,Orelia,Clemenzo,oclemenzo2b@baidu.com,85.97,m,f,12
85,Hnr,Tova,Gilston,tgilston2c@macromedia.com,54.47,s,f,17
86,Rev,Ynez,Embery,yembery2d@merriam-webster.com,9.62,l,f,56
87,Mr,Jewel,Spellward,jspellward2e@webeden.co.uk,86.09,m,f,82
88,Rev,AL,Oland,aoland2f@umich.edu,7.11,xl,m,55
89,Mrs,Brendon,Prop,bprop2g@abc.net.au,13.72,xl,m,19
90,Mr,Nobie,Mauro,nmauro2h@sbwire.com,83.26,xl,m,71
91,Mr,Peterus,Dobney,pdobney2i@com.com,8.46,NA,m,57
92,Rev,Reube,Tandy,rtandy2j@walmart.com,50.32,s,m,69
93,Hnr,Randee,Aberchirder,raberchirder2k@parallels.com,20.58,l,f,NA
94,Hnr,Marris,Diche,mdiche2l@hatena.ne.jp,67.35,xl,f,79
95,Mr,Ollie,Creus,ocreus2m@hc360.com,86.89,xl,m,44
96,Dr,Munmro,Lehemann,mlehemann2n@ning.com,36.29,xl,m,41
97,Mr,Aggi,Coppen,acoppen2o@hc360.com,1.98,xl,f,90
98,Rev,Radcliffe,Kapelhoff,rkapelhoff2p@desdev.cn,90.54,xl,m,86
99,Hnr,Eloisa,Guterson,eguterson2q@wiley.com,98.35,l,f,36
100,Rev,Athena,Lisciandri,alisciandri2r@msu.edu,98.16,xs,f,4
101,Mr,Fredia,Ryves,fryves2s@ovh.net,64.15,xs,f,40
102,Ms,Bob,Tollow,btollow2t@dyndns.org,28.05,xl,m,79
103,Mrs,Randene,Scholler,rscholler2u@unesco.org,92.69,l,f,20
104,Mr,Anna-maria,Stit,astit2v@unblog.fr,60.36,l,f,91
105,Mr,Leland,Vedishchev,lvedishchev2w@sfgate.com,14.06,xl,f,25
106,Mr,Samuel,Norheny,snorheny2x@icio.us,69.84,s,m,24
107,NA,Catriona,Goddard,cgoddard2y@youku.com,24.25,s,f,97
108,Rev,Laurens,Lorie,llorie2z@blog.com,92,xl,m,96
109,Mrs,Penny,Ashburner,pashburner30@fastcompany.com,69.98,xl,m,31
110,Mrs,Andres,Phuprate,aphuprate31@friendfeed.com,50.03,xl,m,28
111,Mrs,Tatum,Jouandet,tjouandet32@constantcontact.com,88.78,s,f,29
112,Dr,Mel,Primak,mprimak33@sitemeter.com,0.83,xl,f,54
113,Mr,Bald,Dreghorn,bdreghorn34@1688.com,8.46,l,m,22
114,Mr,Northrop,Gales,ngales35@51.la,78.74,xl,m,33
115,Dr,Letta,Spradbrow,lspradbrow36@g.co,NA,xs,f,57
116,Ms,Glenine,Rainsdon,grainsdon37@go.com,25.99,m,f,46
117,Mr,Kiri,Durrance,kdurrance38@ifeng.com,85.5,xl,NA,35
118,Ms,Allianora,Pittendreigh,apittendreigh39@google.de,22.46,xs,f,65
119,Mrs,Keith,Dentith,kdentith3a@house.gov,NA,s,m,5
119,Mrs,Keith,Dentith,kdentith3a@house.gov,NA,s,f,4
120,Mrs,Anneliese,Andrus,aandrus3b@usa.gov,17.1,xl,f,76
121,Ms,Sonny,Nelsey,snelsey3c@nps.gov,10.42,xl,m,94
122,Dr,Gerald,Earp,gearp3d@hc360.com,NA,xl,m,18
123,Hnr,Stephan,Okenden,sokenden3e@businessweek.com,47.14,xl,m,26
124,Rev,Eldridge,Ponter,eponter3f@1und1.de,35.8,s,m,66
125,NA,Perice,Gilder,pgilder3g@va.gov,54.74,l,m,42
126,Mrs,Lilllie,Gretham,lgretham3h@amazonaws.com,83.31,xl,f,31
127,Ms,Perla,Karpushkin,pkarpushkin3i@google.com,55.04,l,f,99
128,Rev,Toma,Esgate,tesgate3j@soundcloud.com,55.1,s,f,90
129,Hnr,Beaufort,Dungay,bdungay3k@devhub.com,69.99,xl,m,51
130,Mrs,Drona,Coggen,dcoggen3l@constantcontact.com,5.62,xl,f,64
131,Hnr,Lelah,Bromley,lbromley3m@admin.ch,37.29,m,f,35
132,Rev,Melissa,Scutching,mscutching3n@indiegogo.com,15.76,xs,f,96
133,Ms,Theresa,Pidgen,tpidgen3o@people.com.cn,16.03,l,NA,60
134,Dr,Tiebold,Siggin,tsiggin3p@dagondesign.com,99.77,xl,m,76
135,Mrs,Marinna,Brogiotti,mbrogiotti3q@163.com,17.71,s,f,30
136,Dr,Tobit,Paradis,tparadis3r@icq.com,25.42,l,m,16
137,Dr,Cori,Petrashov,cpetrashov3s@msu.edu,80.48,l,m,56
138,Mrs,Allard,Jobbins,ajobbins3t@bing.com,55.92,m,NA,7
139,Hnr,Aarika,Wennington,awennington3u@harvard.edu,73.27,s,f,16
140,Rev,Fairfax,Wagon,fwagon3v@usa.gov,99.64,xl,m,97
141,NA,Kareem,Ibbison,kibbison3w@facebook.com,34.03,l,m,91
142,NA,Jaye,Aberkirdo,jaberkirdo3x@icq.com,36.39,xl,m,70
143,Dr,Enoch,Hug,ehug3y@house.gov,NA,xl,NA,59
144,Hnr,Anatole,Meritt,ameritt3z@dyndns.org,92.73,s,m,5
145,Mrs,Craig,Poli,cpoli40@vinaora.com,65.03,xl,m,40
146,Dr,Mariska,Sleeny,msleeny41@posterous.com,78.06,xl,f,53
147,NA,Dillon,Nitto,dnitto42@tripod.com,78.78,xl,m,64
148,Mr,Crystie,Scrange,cscrange43@t.co,16.55,m,f,51
149,Ms,Clyde,Caldecott,ccaldecott44@amazonaws.com,9.17,xl,m,58
150,Mrs,Archy,Ondracek,aondracek45@pen.io,85.58,NA,m,2
151,NA,Tobit,Kelby,tkelby46@boston.com,61.34,NA,m,54
152,Hnr,Chan,Lossman,clossman47@archive.org,6.96,m,m,54
153,Hnr,Lawrence,Clemont,lclemont48@edublogs.org,57.6,xl,m,5
154,NA,Darryl,Marple,dmarple49@blog.com,79.11,s,f,33
155,Ms,Rubina,Pridie,rpridie4a@slashdot.org,21.32,xl,f,5
156,Mr,Monty,Budleigh,mbudleigh4b@deviantart.com,72.86,xl,NA,74
157,Rev,Raina,Kemmett,rkemmett4c@walmart.com,25.2,l,f,49
158,Mr,Willdon,Wehnerr,wwehnerr4d@washington.edu,91.66,s,m,81
159,NA,Dolli,Coffee,dcoffee4e@zimbio.com,NA,s,f,73
160,Hnr,Marjy,Linklet,mlinklet4f@wordpress.comm,97.69,xl,f,27
161,Ms,Sayre,Khoter,skhoter4g@nasa.gov,NA,xs,m,48
162,Mrs,Dael,Rotherham,drotherham4h@live.com,NA,xl,f,14
163,Mrs,Sydney,Collman,scollman4i@instagram.com,NA,NA,f,65
164,Ms,Ilysa,Einchcombe,ieinchcombe4j@mysql.com,58.7,NA,f,13
165,NA,Myca,Holtaway,-,40.09,m,m,20
166,Dr,Evanne,Proughten,eproughten4l@wiley.com,12.28,xl,f,50
167,Rev,Gaylor,Colam,gcolam4m@noaa.gov,NA,m,m,32
168,Mr,Wenonah,Quinlan,wquinlan4n@amazon.co.jp,90.33,l,f,69
169,NA,Garrett,Maddams,gmaddams4o@twitter.com,16.29,xl,m,37
170,Hnr,Lori,Rasper,lrasper4p@wunderground.comm,62.96,m,f,38
171,Mr,Midge,McCurrie,mmccurrie4q@illinois.edu,NA,xs,f,24
172,Ms,C-J,Bulle,cbulle4r@weebly.com,69.09,s,f,40
173,Ms,Lyndsay,Szreter,lszreter4s@discovery.com,99.76,xl,f,18
174,Mrs,Levy,Howels,lhowels4t@vkontakte.ru,100,s,m,3
174,Mrs,Levy,Howels,lhowels4t@vkontakte.ru,100,l,m,3
174,Mrs,Levy,Howels,lhowels4t@vkontakte.ru,100,l,f,5
175,Rev,Malachi,Jane,mjane4u@yelp.com,8.82,xl,m,71
176,Rev,Rodina,Carrack,rcarrack4v@utexas.edu,16.29,xl,f,82
177,Ms,Mitch,Bonnick,mbonnick4w@cafepress.com,62.62,xl,m,3
178,NA,Cyrille,Redmile,credmile4x@github.com,49.26,xl,m,29
179,Mr,Roselia,Bosnell,rbosnell4y@bloglines.com,41.11,s,f,3
180,Mrs,Laughton,Kingsmill,lkingsmill4z@slideshare.net,20,s,m,5
181,Mr,Aubrette,Yglesia,ayglesia50@vinaora.com,18.94,xl,f,99
182,Rev,Ethelda,Belverstone,ebelverstone51@scribd.com,46.09,m,f,95
183,Dr,Haily,Lockart,hlockart52@com.com,26.8,xs,f,44
184,Ms,Nicolis,Sieb,nsieb53@constantcontact.com,43.57,m,m,38
185,Hnr,Stefanie,Winks,swinks54@multiply.com,NA,s,f,18
186,Hnr,Bobbe,Clemitt,bclemitt55@pinterest.com,NA,m,f,83
187,Hnr,Atalanta,McGloughlin,amcgloughlin56@soundcloud.com,16.72,xl,f,27
188,Hnr,Serene,Perfili,sperfili57@cyberchimps.com,54,m,f,38
189,Hnr,Daniela,Matushevich,dmatushevich58@opera.com,NA,xs,f,45
190,Dr,Doug,Kee,dkee59@ebay.com,77.08,xs,m,71
191,Ms,Forster,Flahive,fflahive5a@archive.org,10.1,m,m,12
192,Ms,Charmain,Sandercroft,csandercroft5b@myspace.com,19.36,xs,f,90
193,Hnr,Lonnie,Crawley,lcrawley5c@storify.com,54.45,xl,m,66
194,Rev,Briana,Huttley,bhuttley5d@ning.com,59.3,s,f,41
195,Mrs,Jamima,Lisciardelli,jlisciardelli5e@blog.com,31.44,xs,f,29
196,Rev,Cassondra,Gresswell,cgresswell5f@ucsd.edu,36.32,xl,f,32
197,Mr,Tildie,Cary,tcary5g@ask.com,NA,s,f,16
198,Hnr,Rudd,Kendal,rkendal5h@storify.com,91.45,xl,m,43
199,Mr,Abeu,Kirkbride,akirkbride5i@is.gd,10.02,xl,m,10
200,Ms,Cirillo,Langsdon,clangsdon5j@indiegogo.com,41.31,xs,m,75
201,Ms,Audrie,Hindes,ahindes5k@tuttocitta.it,48,xl,f,85
202,Dr,Garald,Dudson,gdudson5l@aol.com,18.99,m,m,16
203,Hnr,Flore,Sikora,fsikora5m@businessweek.com,4.19,s,f,42
204,Dr,Thadeus,Starbeck,tstarbeck5n@lulu.com,NA,l,m,86
205,Mrs,Reine,Janata,rjanata5o@woothemes.com,28.16,s,f,57
206,Mr,Hazel,Gypps,hgypps5p@youtu.be,33.18,xs,m,30
207,Dr,Corette,Geaney,cgeaney5q@bloomberg.comm,63.6,m,f,14
208,Hnr,Huberto,Fforde,NA,36.93,s,NA,26
209,Mrs,Jerri,Burgane,jburgane5s@alibaba.com,45.43,m,m,39
210,Hnr,Waldon,Kirman,wkirman5t@theguardian.com,69.97,s,m,49
211,Mr,Yank,Pears,ypears5u@istockphoto.com,85.36,xl,m,22
212,Mr,Alessandro,Winder,awinder5v@woothemes.com,28.43,xl,m,53
213,Mrs,Radcliffe,Shillinglaw,rshillinglaw5w@altervista.org,60.02,s,m,14
214,Mr,Ray,Dron,rdron5x@flickr.com,45.9,xl,m,70
215,Mrs,Derrek,Cunde,dcunde5y@ucoz.ru,29.3,xl,m,100
216,Mr,Lyndsey,Aleveque,laleveque5z@gravatar.com,44.3,s,f,80
217,Ms,Hector,Bett,hbett60@qq.com,76.54,xl,m,98
218,Mr,Bertha,Swetland,bswetland61@histats.com,13.31,m,f,65
219,Rev,Vere,Leddie,vleddie62@mediafire.com,99.91,xs,f,43
220,Dr,Moe,Pristnor,mpristnor63@mashable.com,36,xl,m,49
221,Dr,Lilia,Fellini,lfellini64@dell.com,97.8,xl,f,66
222,Mr,Hillary,Fisbey,hfisbey65@marketwatch.com,67.24,s,f,52
223,Mrs,Nona,Macconachy,nmacconachy66@icio.us,NA,xl,f,94
224,Rev,Cris,Peschmann,cpeschmann67@meetup.com,70.81,s,f,44
225,Ms,Sandy,Emson,semson68@mac.com,69.41,xl,f,23
226,Dr,Saree,Oddie,soddie69@zimbio.com,95.79,xl,NA,2
227,Mrs,Palm,Filyaev,pfilyaev6a@cdbaby.com,21.36,s,m,56
228,Hnr,Munmro,Van der Brug,mvanderbrug6b@apple.com,19.11,l,m,91
229,Rev,Job,Benettini,jbenettini6c@vimeo.com,87.69,xl,m,1
230,Rev,Grant,Baile,gbaile6d@google.ru,36.13,xl,m,63
231,Rev,Nissy,Buret,nburet6e@a8.net,51.1,s,f,41
232,Ms,Alisa,Kilbee,akilbee6f@businessweek.com,50.67,xl,f,85
233,Dr,Nolie,Radoux,nradoux6g@slate.com,21.89,xl,f,28
234,NA,Corbet,Munkley,cmunkley6h@51.la,77.07,s,m,97
235,Rev,Mireielle,Hrinchishin,mhrinchishin6i@auda.org.au,91.75,xl,f,58
236,Hnr,Selestina,Readhead,sreadhead6j@scribd.com,3.97,m,f,41
237,Ms,Penelope,Stubbs,pstubbs6k@businesswire.com,75.9,m,f,9
238,NA,Amalie,Hamber,ahamber6l@foxnews.com,8.8,m,f,94
239,Hnr,Loy,Haugeh,lhaugeh6m@google.ru,28.63,xl,m,56
240,Mr,Bonnee,Spraberry,bspraberry6n@paginegialle.it,81.85,s,f,43
241,Mr,Julina,Whitemarsh,jwhitemarsh6o@indiegogo.com,19.81,l,f,39
242,NA,Benn,McGee,bmcgee6p@yahoo.co.jp,71.81,xl,m,98
243,Mrs,Nealson,Beere,nbeere6q@state.tx.us,91.92,xl,m,76
244,NA,Daven,Hulbert,dhulbert6r@ft.com,39.51,m,m,6
245,NA,Madeline,Trotter,mtrotter6s@github.com,82.82,s,NA,17
246,Ms,Corine,Ubanks,cubanks6t@arizona.edu,42.42,xl,f,58
247,Hnr,Ermanno,O'Heffernan,eoheffernan6u@liveinternet.ru,14.93,xl,m,76
248,Hnr,Lock,Vickerstaff,lvickerstaff6v@freewebs.com,NA,l,m,17
249,Mr,Winslow,Rembrandt,wrembrandt6w@va.gov,93.26,l,m,50
250,Dr,Trevar,Galway,tgalway6x@elpais.com,94.02,xl,m,100
251,Mrs,Rivkah,Carter,rcarter6y@answers.com,46.12,l,f,94
252,Mrs,Forester,Tulk,ftulk6z@dmoz.org,61.58,l,m,11
253,Mrs,Sarine,Ferenczi,sferenczi70@angelfire.com,23.26,xl,f,30
254,Ms,Gianni,Adaway,gadaway71@vk.com,57.11,xl,m,11
255,Dr,James,Ulyatt,julyatt72@qq.com,52.77,xl,m,79
256,Mr,Robby,Jacklings,rjacklings73@symantec.com,68.49,xs,m,79
257,Hnr,Gabe,Segges,gsegges74@wufoo.com,49.27,xl,m,19
258,NA,Curry,Clackson,cclackson75@europa.eu,51.55,s,m,93
259,Rev,Emmery,Po,epo76@ibm.com,21.03,xl,m,45
260,Mr,Lian,Lelliott,llelliott77@nasa.gov,72.19,s,f,41
261,Mrs,Ross,Cockshutt,rcockshutt78@aol.comm,33.89,xl,m,7
262,Mr,Yank,Driffill,ydriffill79@yellowpages.com,43.62,l,m,45
263,Rev,Robbin,Antwis,rantwis7a@hhs.gov,3.91,xl,f,19
264,Mr,Gale,Bech,gbech7b@home.pl,54.72,xl,f,98
265,Mr,Dulsea,Normavell,dnormavell7c@nationalgeographic.com,85.14,l,f,48
266,Ms,Idelle,Dudman,idudman7d@youku.com,84.84,xl,f,14
267,NA,Viole,Maggorini,vmaggorini7e@bloomberg.com,89.24,xs,NA,47
268,Dr,Ingmar,Lamminam,ilamminam7f@phpbb.com,33.3,xl,m,60
269,Rev,Devland,Carefull,dcarefull7g@shareasale.commmm,67.45,xl,m,37
270,Dr,Ford,Growcock,fgrowcock7h@histats.com,22.35,s,m,80
271,Mrs,Dona,Barby,dbarby7i@plala.or.jp,13.13,l,f,79
272,Hnr,Gusty,Ezzle,gezzle7j@wikimedia.org,27.54,xl,f,34
273,Mrs,Marrilee,Berens,mberens7k@meetup.com,74.72,l,f,2
274,Hnr,Michelina,Fellis,mfellis7l@slideshare.net,98.04,s,NA,65
275,Ms,Tabor,Henniger,thenniger7m@chicagotribune.com,40.4,l,m,35
276,Ms,Henryetta,Charte,hcharte7n@webeden.co.uk,97.25,xl,f,2
277,Rev,Henka,Trace,htrace7o@guardian.co.uk,57.98,m,f,44
278,Dr,Letitia,Chomicz,lchomicz7p@sciencedirect.com,68.3,m,f,72
279,Rev,Millicent,Minucci,mminucci7q@google.fr,2.82,s,f,20
280,Ms,Beryle,Rudgley,brudgley7r@trellian.com,35.49,m,f,18
281,Hnr,Andie,Nisard,anisard7s@pagesperso-orange.fr,9.31,m,m,38
282,Mrs,Elvira,Beardshall,ebeardshall7t@intel.com,16.29,xl,f,49
283,Mrs,Hadlee,O'Regan,horegan7u@phoca.cz,50.07,l,m,23
284,Rev,Corina,Seabrook,cseabrook7v@cnbc.com,NA,xl,f,60
285,Mrs,Rozanna,Chitham,rchitham7w@google.com,4.58,l,f,18
286,Hnr,Harli,Cusack,hcusack7x@biglobe.ne.jp,89.56,xl,f,34
287,Mr,Yevette,Swalwel,yswalwel7y@deliciousdays.com,45.49,xl,f,60
288,Ms,Roslyn,Brosh,rbrosh7z@example.com,46.95,s,f,28
289,Rev,Tallulah,Lees,tlees80@spotify.com,25.32,xl,f,40
290,Rev,Lishe,Hampshire,lhampshire81@studiopress.com,NA,xl,f,66
291,Ms,Jorie,Stoate,jstoate82@nba.com,5.29,xs,f,61
292,Mr,Blondelle,Klaus,bklaus83@usgs.gov,67.83,m,f,99
293,NA,Aubert,Merryfield,amerryfield84@seesaa.net,69.39,l,m,49
294,Mrs,Elwood,Burfoot,eburfoot85@illinois.edu,37.97,l,m,62
295,Hnr,Felizio,Chatwin,fchatwin86@clickbank.net,48.94,m,m,29
296,Ms,Blake,Pryce,bpryce87@nasa.gov,71.83,xl,f,94
297,Mrs,Damita,Fogden,dfogden88@fema.gov,94.69,l,f,20
298,Hnr,Vladamir,Aynscombe,vaynscombe89@guardian.co.uk,0.12,xl,m,55
299,Mr,Coralie,Gossington,cgossington8a@tumblr.com,82.34,xl,f,42
300,Mrs,Francoise,Corain,fcorain8b@apache.org,49.36,s,NA,79
